<application>
  <component name="GrepConsole">
    <option name="grepHistory">
      <list>
        <GrepCompositeModel>
          <option name="models">
            <list>
              <GrepModel>
                <option name="expression" value="pickupFeeDetail" />
              </GrepModel>
            </list>
          </option>
        </GrepCompositeModel>
        <GrepCompositeModel>
          <option name="models">
            <list>
              <GrepModel>
                <option name="expression" value="selectForwardList" />
              </GrepModel>
            </list>
          </option>
        </GrepCompositeModel>
        <GrepCompositeModel>
          <option name="models">
            <list>
              <GrepModel>
                <option name="expression" value="selectForwardSettleCount" />
              </GrepModel>
            </list>
          </option>
        </GrepCompositeModel>
        <GrepCompositeModel>
          <option name="models">
            <list>
              <GrepModel>
                <option name="expression" value="selectByExample" />
              </GrepModel>
            </list>
          </option>
        </GrepCompositeModel>
        <GrepCompositeModel>
          <option name="models">
            <list>
              <GrepModel>
                <option name="expression" value="update" />
              </GrepModel>
            </list>
          </option>
        </GrepCompositeModel>
        <GrepCompositeModel>
          <option name="models">
            <list>
              <GrepModel>
                <option name="expression" value="selectStowageSettleListByParams" />
              </GrepModel>
            </list>
          </option>
        </GrepCompositeModel>
        <GrepCompositeModel>
          <option name="models">
            <list>
              <GrepModel>
                <option name="expression" value="selectUnmarkReadCount" />
              </GrepModel>
            </list>
          </option>
        </GrepCompositeModel>
        <GrepCompositeModel>
          <option name="models">
            <list>
              <GrepModel>
                <option name="expression" value="getByUid" />
              </GrepModel>
            </list>
          </option>
        </GrepCompositeModel>
        <GrepCompositeModel>
          <option name="models">
            <list>
              <GrepModel>
                <option name="expression" value="insert" />
              </GrepModel>
            </list>
          </option>
        </GrepCompositeModel>
        <GrepCompositeModel>
          <option name="models">
            <list>
              <GrepModel>
                <option name="expression" value="selectProcessRecord" />
              </GrepModel>
            </list>
          </option>
        </GrepCompositeModel>
        <GrepCompositeModel>
          <option name="models">
            <list>
              <GrepModel>
                <option name="expression" value="updateByPrimaryKey" />
              </GrepModel>
            </list>
          </option>
        </GrepCompositeModel>
        <GrepCompositeModel>
          <option name="models">
            <list>
              <GrepModel>
                <option name="expression" value="queryOrderList" />
              </GrepModel>
            </list>
          </option>
        </GrepCompositeModel>
        <GrepCompositeModel>
          <option name="models">
            <list>
              <GrepModel>
                <option name="expression" value="getInventoryByWaybillNo" />
              </GrepModel>
            </list>
          </option>
        </GrepCompositeModel>
        <GrepCompositeModel>
          <option name="models">
            <list>
              <GrepModel>
                <option name="expression" value="selectWaybillBatchByNo" />
              </GrepModel>
            </list>
          </option>
        </GrepCompositeModel>
        <GrepCompositeModel>
          <option name="models">
            <list>
              <GrepModel>
                <option name="expression" value="yongjar" />
              </GrepModel>
            </list>
          </option>
        </GrepCompositeModel>
        <GrepCompositeModel>
          <option name="models">
            <list>
              <GrepModel>
                <option name="expression" value="insertSelective" />
              </GrepModel>
            </list>
          </option>
        </GrepCompositeModel>
        <GrepCompositeModel>
          <option name="models">
            <list>
              <GrepModel>
                <option name="expression" value="selectDemand" />
              </GrepModel>
            </list>
          </option>
        </GrepCompositeModel>
        <GrepCompositeModel>
          <option name="models">
            <list>
              <GrepModel>
                <option name="expression" value="" />
              </GrepModel>
            </list>
          </option>
        </GrepCompositeModel>
      </list>
    </option>
    <option name="profiles">
      <list>
        <Profile>
          <option name="defaultProfile" value="true" />
          <option name="grepExpressionGroups">
            <list>
              <GrepExpressionGroup>
                <option name="name" value="default" />
              </GrepExpressionGroup>
              <GrepExpressionGroup>
                <option name="grepExpressionItems">
                  <list>
                    <GrepExpressionItem>
                      <option name="grepExpression" value=".*FATAL.*" />
                      <option name="style">
                        <GrepStyle>
                          <option name="backgroundColor">
                            <GrepColor>
                              <option name="color" value="-65536" />
                              <option name="enabled" value="true" />
                            </GrepColor>
                          </option>
                          <option name="bold" value="true" />
                        </GrepStyle>
                      </option>
                    </GrepExpressionItem>
                    <GrepExpressionItem>
                      <option name="grepExpression" value=".*ERROR.*" />
                      <option name="style">
                        <GrepStyle>
                          <option name="backgroundColor">
                            <GrepColor>
                              <option name="color" value="-14336" />
                              <option name="enabled" value="true" />
                            </GrepColor>
                          </option>
                        </GrepStyle>
                      </option>
                    </GrepExpressionItem>
                    <GrepExpressionItem>
                      <option name="grepExpression" value=".*WARN.*" />
                      <option name="style">
                        <GrepStyle>
                          <option name="backgroundColor">
                            <GrepColor>
                              <option name="color" value="-256" />
                              <option name="enabled" value="true" />
                            </GrepColor>
                          </option>
                        </GrepStyle>
                      </option>
                    </GrepExpressionItem>
                    <GrepExpressionItem>
                      <option name="enabled" value="false" />
                      <option name="grepExpression" value=".*INFO.*" />
                    </GrepExpressionItem>
                    <GrepExpressionItem>
                      <option name="grepExpression" value=".*DEBUG.*" />
                      <option name="style">
                        <GrepStyle>
                          <option name="foregroundColor">
                            <GrepColor>
                              <option name="color" value="-8355712" />
                              <option name="enabled" value="true" />
                            </GrepColor>
                          </option>
                        </GrepStyle>
                      </option>
                    </GrepExpressionItem>
                    <GrepExpressionItem>
                      <option name="grepExpression" value=".*TRACE.*" />
                      <option name="style">
                        <GrepStyle>
                          <option name="foregroundColor">
                            <GrepColor>
                              <option name="color" value="-4144960" />
                              <option name="enabled" value="true" />
                            </GrepColor>
                          </option>
                        </GrepStyle>
                      </option>
                    </GrepExpressionItem>
                  </list>
                </option>
                <option name="name" value="@Light Theme@" />
              </GrepExpressionGroup>
              <GrepExpressionGroup>
                <option name="grepExpressionItems">
                  <list>
                    <GrepExpressionItem>
                      <option name="grepExpression" value=".*FATAL.*" />
                      <option name="style">
                        <GrepStyle>
                          <option name="backgroundColor">
                            <GrepColor>
                              <option name="enabled" value="true" />
                            </GrepColor>
                          </option>
                          <option name="bold" value="true" />
                        </GrepStyle>
                      </option>
                    </GrepExpressionItem>
                    <GrepExpressionItem>
                      <option name="grepExpression" value=".*ERROR.*" />
                      <option name="style">
                        <GrepStyle>
                          <option name="backgroundColor">
                            <GrepColor>
                              <option name="color" value="-935919616" />
                              <option name="enabled" value="true" />
                            </GrepColor>
                          </option>
                        </GrepStyle>
                      </option>
                    </GrepExpressionItem>
                    <GrepExpressionItem>
                      <option name="grepExpression" value=".*WARN.*" />
                      <option name="style">
                        <GrepStyle>
                          <option name="backgroundColor">
                            <GrepColor>
                              <option name="color" value="-937820105" />
                              <option name="enabled" value="true" />
                            </GrepColor>
                          </option>
                        </GrepStyle>
                      </option>
                    </GrepExpressionItem>
                    <GrepExpressionItem>
                      <option name="enabled" value="false" />
                      <option name="grepExpression" value=".*INFO.*" />
                    </GrepExpressionItem>
                    <GrepExpressionItem>
                      <option name="grepExpression" value=".*DEBUG.*" />
                      <option name="style">
                        <GrepStyle>
                          <option name="foregroundColor">
                            <GrepColor>
                              <option name="color" value="-8355712" />
                              <option name="enabled" value="true" />
                            </GrepColor>
                          </option>
                        </GrepStyle>
                      </option>
                    </GrepExpressionItem>
                    <GrepExpressionItem>
                      <option name="grepExpression" value=".*TRACE.*" />
                      <option name="style">
                        <GrepStyle>
                          <option name="foregroundColor">
                            <GrepColor>
                              <option name="enabled" value="true" />
                            </GrepColor>
                          </option>
                        </GrepStyle>
                      </option>
                    </GrepExpressionItem>
                  </list>
                </option>
                <option name="name" value="@Dark Theme@" />
              </GrepExpressionGroup>
            </list>
          </option>
          <option name="id" value="1638954900785" />
          <option name="inputFilterGroups">
            <list>
              <GrepExpressionGroup>
                <option name="grepExpressionItems">
                  <list>
                    <GrepExpressionItem>
                      <option name="action" value="REMOVE" />
                      <option name="enabled" value="false" />
                      <option name="grepExpression" value=".*unwanted line.*" />
                    </GrepExpressionItem>
                    <GrepExpressionItem>
                      <option name="action" value="REMOVE_UNLESS_PREVIOUSLY_MATCHED" />
                      <option name="enabled" value="false" />
                      <option name="grepExpression" value=".*unwanted line.*" />
                    </GrepExpressionItem>
                  </list>
                </option>
                <option name="name" value="default" />
              </GrepExpressionGroup>
            </list>
          </option>
          <option name="name" value="default" />
        </Profile>
      </list>
    </option>
    <option name="version" value="1" />
  </component>
</application>