<application>
  <component name="GitRememberedInputs">
    <option name="visitedUrls">
      <list>
        <UrlAndUserName>
          <option name="url" value="http://gitlab.lanhcit.win" />
          <option name="userName" value="yongjar" />
        </UrlAndUserName>
        <UrlAndUserName>
          <option name="url" value="https://gitlab.lanhcit.win/zggf/zggf_zj.git" />
          <option name="userName" value="" />
        </UrlAndUserName>
        <UrlAndUserName>
          <option name="url" value="https://gitlab.lanhcit.win/WeeklyReport/2019WeeklyReport.git" />
          <option name="userName" value="" />
        </UrlAndUserName>
        <UrlAndUserName>
          <option name="url" value="https://gitlab.lanhcit.win/zggf/zggf_hp.git" />
          <option name="userName" value="" />
        </UrlAndUserName>
        <UrlAndUserName>
          <option name="url" value="https://github.com/PanJiaChen/vue-element-admin.git" />
          <option name="userName" value="" />
        </UrlAndUserName>
      </list>
    </option>
    <option name="cloneParentDir" value="E:\learn" />
  </component>
</application>