<application>
  <component name="AppStorage">
    <histories>
      <item value="ruby" />
      <item value="bold" />
      <item value="operate" />
      <item value="opterate" />
      <item value="prefix" />
      <item value="rent Unit Count" />
      <item value="Unit Categoryno Text" />
      <item value="forder" />
      <item value="撤管" />
      <item value="接管" />
      <item value="租赁" />
      <item value="收租" />
      <item value="统计" />
      <item value="async" />
      <item value="年代" />
      <item value="Detial" />
      <item value="convert" />
      <item value="rent Deposit" />
      <item value="pretd" />
      <item value="生成合同编号" />
      <item value="resctrl" />
      <item value="COVEREDAREA" />
      <item value="STRUCTURENAME" />
      <item value="Lane" />
      <item value="contains" />
      <item value="remain" />
      <item value="剩余remain" />
      <item value="剩余" />
      <item value="冗余" />
      <item value="doorlate" />
      <item value="utilization Area" />
      <item value="is Lift" />
      <item value="COVERED" />
      <item value="fix" />
      <item value="iselevator" />
      <item value="completed" />
      <item value="Aware" />
      <item value="Meter Rent Table" />
      <item value="elevator " />
      <item value="historical" />
      <item value="buildinghistorical" />
      <item value="java.lang.IllegalArgumentException: Invalid character found in the request target. The valid characters are defined in RFC 7230 and RFC 3986" />
      <item value="slot" />
      <item value="scope" />
      <item value="protal" />
      <item value="Lessee" />
      <item value="stripe" />
      <item value="expand" />
      <item value="java.lang.IllegalArgumentException: Cannot format given Object as a Date" />
      <item value="door Plate" />
    </histories>
    <option name="languageScores">
      <map>
        <entry key="CHINESE" value="203" />
        <entry key="ENGLISH" value="204" />
        <entry key="ESTONIAN" value="2" />
        <entry key="BULGARIAN" value="1" />
        <entry key="DANISH" value="14" />
        <entry key="FRENCH" value="4" />
        <entry key="FINNISH" value="2" />
        <entry key="DUTCH" value="1" />
        <entry key="ROMANIAN" value="6" />
        <entry key="MALAGASY" value="1" />
        <entry key="JAPANESE" value="1" />
        <entry key="INDONESIAN" value="1" />
        <entry key="VIETNAMESE" value="3" />
      </map>
    </option>
  </component>
  <component name="Settings">
    <option name="ignoreRegExp" value="" />
  </component>
</application>