<application>
  <component name="AppStorage">
    <histories>
      <item value="rent Deposit" />
      <item value="pretd" />
      <item value="生成合同编号" />
      <item value="resctrl" />
      <item value="COVEREDAREA" />
      <item value="STRUCTURENAME" />
      <item value="Lane" />
      <item value="contains" />
      <item value="remain" />
      <item value="剩余remain" />
      <item value="剩余" />
      <item value="冗余" />
      <item value="doorlate" />
      <item value="utilization Area" />
      <item value="is Lift" />
      <item value="COVERED" />
      <item value="fix" />
      <item value="iselevator" />
      <item value="completed" />
      <item value="Aware" />
      <item value="Meter Rent Table" />
      <item value="elevator " />
      <item value="historical" />
      <item value="buildinghistorical" />
      <item value="java.lang.IllegalArgumentException: Invalid character found in the request target. The valid characters are defined in RFC 7230 and RFC 3986" />
      <item value="slot" />
      <item value="scope" />
      <item value="protal" />
      <item value="Lessee" />
      <item value="stripe" />
      <item value="expand" />
      <item value="java.lang.IllegalArgumentException: Cannot format given Object as a Date" />
      <item value="door Plate" />
      <item value="DOORPLATE" />
      <item value="Lesseetable" />
      <item value="detected" />
      <item value="INPUTPERSON" />
      <item value="读取" />
      <item value="entry" />
      <item value="E.layout.Conversion Pattern" />
      <item value="Contract Lease Table" />
      <item value="comment" />
      <item value="norightpad" />
      <item value="portlet-title" />
      <item value=" margin" />
      <item value="CONTENT" />
      <item value="fluid" />
      <item value="margin" />
      <item value="margin-top-12" />
      <item value="RENTRECEIVABLE" />
    </histories>
    <option name="languageScores">
      <map>
        <entry key="CHINESE" value="189" />
        <entry key="ENGLISH" value="190" />
        <entry key="ESTONIAN" value="2" />
        <entry key="BULGARIAN" value="1" />
        <entry key="DANISH" value="14" />
        <entry key="FRENCH" value="3" />
        <entry key="FINNISH" value="2" />
        <entry key="DUTCH" value="1" />
        <entry key="ROMANIAN" value="6" />
        <entry key="MALAGASY" value="1" />
        <entry key="JAPANESE" value="1" />
        <entry key="INDONESIAN" value="1" />
      </map>
    </option>
  </component>
  <component name="Settings">
    <option name="ignoreRegExp" value="" />
  </component>
</application>