<keymap version="1" name="Eclipse copy" parent="Eclipse">
  <action id="$EditorTranslateAction">
    <keyboard-shortcut first-keystroke="alt e" />
  </action>
  <action id="$TranslateAndReplaceAction">
    <keyboard-shortcut first-keystroke="alt w" />
  </action>
  <action id="Editor EditorTranslateAction">
    <keyboard-shortcut first-keystroke="alt e" />
  </action>
  <action id="Editor TranslateAndReplaceAction">
    <keyboard-shortcut first-keystroke="alt w" />
  </action>
  <action id="EditorDownWithSelection" />
  <action id="EditorDuplicateLines">
    <keyboard-shortcut first-keystroke="shift down" />
  </action>
  <action id="ReformatCode">
    <keyboard-shortcut first-keystroke="shift ctrl f" />
  </action>
</keymap>